countycode,place,year,realmediansalesprice,numberofsales
11,Alachua County,2000,162884,3074
11,Alachua County,2001,168225,3292
11,Alachua County,2002,180560,3390
11,Alachua County,2003,194681,3922
11,Alachua County,2004,215629,4064
11,Alachua County,2005,244072,4649
11,Alachua County,2006,268414,3937
11,Alachua County,2007,261158,2919
11,Alachua County,2008,234799,2141
11,Alachua County,2009,221744,1661
11,Alachua County,2010,212765,1578
11,Alachua County,2011,191430,1499
11,Alachua County,2012,185266,1688
11,Alachua County,2013,195839,2164
11,Alachua County,2014,199313,2243
11,Alachua County,2015,201236,2655
11,Alachua County,2016,201943,3277
11,Alachua County,2017,210363,3467
11,Alachua County,2018,221763,3676
11,Alachua County,2019,228159,3721
11,Alachua County,2020,228000,2250
12,Baker County,2000,118720,134
12,Baker County,2001,122783,157
12,Baker County,2002,131050,134
12,Baker County,2003,144312,177
12,Baker County,2004,163769,210
12,Baker County,2005,208365,270
12,Baker County,2006,236572,273
12,Baker County,2007,235042,223
12,Baker County,2008,191673,136
12,Baker County,2009,176914,97
12,Baker County,2010,171394,75
12,Baker County,2011,160480,79
12,Baker County,2012,162809,73
12,Baker County,2013,165966,101
12,Baker County,2014,160104,106
12,Baker County,2015,168603,157
12,Baker County,2016,174552,147
12,Baker County,2017,187118,255
12,Baker County,2018,197123,251
12,Baker County,2019,204163,229
12,Baker County,2020,,
13,Bay County,2000,149710,2629
13,Bay County,2001,160069,2848
13,Bay County,2002,169096,3160
13,Bay County,2003,191949,3801
13,Bay County,2004,221088,4539
13,Bay County,2005,270604,4171
13,Bay County,2006,270460,2666
13,Bay County,2007,254940,2279
13,Bay County,2008,233482,1551
13,Bay County,2009,210206,1395
13,Bay County,2010,195034,1143
13,Bay County,2011,187418,1202
13,Bay County,2012,190880,1379
13,Bay County,2013,198052,1779
13,Bay County,2014,200402,2075
13,Bay County,2015,209938,2450
13,Bay County,2016,211181,2872
13,Bay County,2017,220881,3477
13,Bay County,2018,224843,3133
13,Bay County,2019,223218,4633
13,Bay County,2020,230000,2661
14,Bradford County,2000,97311,136
14,Bradford County,2001,97585,125
14,Bradford County,2002,105040,170
14,Bradford County,2003,121825,190
14,Bradford County,2004,133745,263
14,Bradford County,2005,158732,290
14,Bradford County,2006,178708,184
14,Bradford County,2007,167887,139
14,Bradford County,2008,155734,79
14,Bradford County,2009,162132,65
14,Bradford County,2010,160756,63
14,Bradford County,2011,112795,54
14,Bradford County,2012,125419,72
14,Bradford County,2013,130560,97
14,Bradford County,2014,140265,59
14,Bradford County,2015,144129,130
14,Bradford County,2016,139534,155
14,Bradford County,2017,136736,169
14,Bradford County,2018,143736,215
14,Bradford County,2019,161213,215
14,Bradford County,2020,160000,135
15,Brevard County,2000,148811,8887
15,Brevard County,2001,157957,10004
15,Brevard County,2002,171102,11753
15,Brevard County,2003,183402,13798
15,Brevard County,2004,216994,14613
15,Brevard County,2005,280042,12376
15,Brevard County,2006,281969,10393
15,Brevard County,2007,248722,6835
15,Brevard County,2008,221622,4317
15,Brevard County,2009,185087,4408
15,Brevard County,2010,171394,4987
15,Brevard County,2011,151883,5692
15,Brevard County,2012,151469,6785
15,Brevard County,2013,171166,7554
15,Brevard County,2014,179708,8156
15,Brevard County,2015,195797,9787
15,Brevard County,2016,219130,13535
15,Brevard County,2017,226035,11461
15,Brevard County,2018,234084,12085
15,Brevard County,2019,237938,12275
15,Brevard County,2020,245950,6904
16,Broward County,2000,,
16,Broward County,2001,240322,34223
16,Broward County,2002,265108,35542
16,Broward County,2003,290305,36017
16,Broward County,2004,341186,36062
16,Broward County,2005,409206,31881
16,Broward County,2006,424552,23034
16,Broward County,2007,410391,14364
16,Broward County,2008,329438,10743
16,Broward County,2009,227152,16497
16,Broward County,2010,212765,17236
16,Broward County,2011,193149,18034
16,Broward County,2012,213224,19769
16,Broward County,2013,262226,22129
16,Broward County,2014,272286,22771
16,Broward County,2015,299135,23695
16,Broward County,2016,311508,24629
16,Broward County,2017,331322,23248
16,Broward County,2018,339319,23438
16,Broward County,2019,347833,23162
16,Broward County,2020,370000,14410
17,Calhoun County,2000,89826,64
17,Calhoun County,2001,83020,75
17,Calhoun County,2002,78816,77
17,Calhoun County,2003,79862,99
17,Calhoun County,2004,105290,78
17,Calhoun County,2005,105602,123
17,Calhoun County,2006,112532,103
17,Calhoun County,2007,118392,72
17,Calhoun County,2008,127582,55
17,Calhoun County,2009,121749,48
17,Calhoun County,2010,135638,26
17,Calhoun County,2011,114629,19
17,Calhoun County,2012,103300,20
17,Calhoun County,2013,131666,34
17,Calhoun County,2014,111637,34
17,Calhoun County,2015,106057,32
17,Calhoun County,2016,120307,45
17,Calhoun County,2017,93612,65
17,Calhoun County,2018,120635,46
17,Calhoun County,2019,142914,48
17,Calhoun County,2020,134000,53
18,Charlotte County,2000,145218,3743
18,Charlotte County,2001,155845,4200
18,Charlotte County,2002,174828,4981
18,Charlotte County,2003,194191,5238
18,Charlotte County,2004,227912,5180
18,Charlotte County,2005,297005,4098
18,Charlotte County,2006,276086,2997
18,Charlotte County,2007,260474,2470
18,Charlotte County,2008,188019,2722
18,Charlotte County,2009,156242,2833
18,Charlotte County,2010,130732,3412
18,Charlotte County,2011,126092,3415
18,Charlotte County,2012,133616,3834
18,Charlotte County,2013,156008,3901
18,Charlotte County,2014,163371,4274
18,Charlotte County,2015,187585,4328
18,Charlotte County,2016,203018,4046
18,Charlotte County,2017,211678,4468
18,Charlotte County,2018,225870,4889
18,Charlotte County,2019,231889,5322
18,Charlotte County,2020,248750,3392
19,Citrus County,2000,111534,2471
19,Citrus County,2001,112879,2528
19,Citrus County,2002,121878,2778
19,Citrus County,2003,133103,3186
19,Citrus County,2004,156945,3958
19,Citrus County,2005,197871,4585
19,Citrus County,2006,217391,3257
19,Citrus County,2007,202708,2042
19,Citrus County,2008,161724,1972
19,Citrus County,2009,144224,1323
19,Citrus County,2010,130023,1339
19,Citrus County,2011,113769,1390
19,Citrus County,2012,114528,1665
19,Citrus County,2013,120602,2147
19,Citrus County,2014,118172,1847
19,Citrus County,2015,135970,2636
19,Citrus County,2016,143401,2791
19,Citrus County,2017,152513,3094
19,Citrus County,2018,159136,3429
19,Citrus County,2019,171396,3594
19,Citrus County,2020,174000,1910
20,Clay County,2000,179652,2919
20,Clay County,2001,185922,3326
20,Clay County,2002,194102,3692
20,Clay County,2003,205158,4541
20,Clay County,2004,230642,4959
20,Clay County,2005,250804,6636
20,Clay County,2006,289450,5368
20,Clay County,2007,267998,2843
20,Clay County,2008,227612,2038
20,Clay County,2009,204738,1940
20,Clay County,2010,189124,1916
20,Clay County,2011,177675,1843
20,Clay County,2012,179652,1900
20,Clay County,2013,188094,2455
20,Clay County,2014,197189,2602
20,Clay County,2015,206675,3116
20,Clay County,2016,208388,3632
20,Clay County,2017,215622,4010
20,Clay County,2018,226897,3970
20,Clay County,2019,227856,4368
20,Clay County,2020,233000,2213
21,Collier County,2000,323822,4750
21,Collier County,2001,333465,4986
21,Collier County,2002,356965,5345
21,Collier County,2003,371848,5950
21,Collier County,2004,443405,6709
21,Collier County,2005,561009,7082
21,Collier County,2006,575446,5111
21,Collier County,2007,528534,3451
21,Collier County,2008,383346,3490
21,Collier County,2009,360559,2827
21,Collier County,2010,282504,4562
21,Collier County,2011,292303,4586
21,Collier County,2012,338138,4624
21,Collier County,2013,409382,4929
21,Collier County,2014,457440,5471
21,Collier County,2015,491669,6146
21,Collier County,2016,472633,6268
21,Collier County,2017,457224,6442
21,Collier County,2018,450714,6377
21,Collier County,2019,428490,6891
21,Collier County,2020,460000,2601
22,Columbia County,2000,112282,499
22,Columbia County,2001,113461,527
22,Columbia County,2002,123096,497
22,Columbia County,2003,133033,614
22,Columbia County,2004,162404,736
22,Columbia County,2005,183351,925
22,Columbia County,2006,210997,787
22,Columbia County,2007,200470,530
22,Columbia County,2008,177212,396
22,Columbia County,2009,168261,300
22,Columbia County,2010,147753,284
22,Columbia County,2011,151768,210
22,Columbia County,2012,134739,272
22,Columbia County,2013,138305,304
22,Columbia County,2014,151935,321
22,Columbia County,2015,155061,390
22,Columbia County,2016,149309,489
22,Columbia County,2017,157089,570
22,Columbia County,2018,169300,613
22,Columbia County,2019,169733,678
22,Columbia County,2020,189000,355
23,Miami-Dade County,2000,209593,21491
23,Miami-Dade County,2001,225757,20665
23,Miami-Dade County,2002,246479,20529
23,Miami-Dade County,2003,273212,22125
23,Miami-Dade County,2004,327538,23626
23,Miami-Dade County,2005,396006,21807
23,Miami-Dade County,2006,441687,17919
23,Miami-Dade County,2007,453917,9451
23,Miami-Dade County,2008,395325,5689
23,Miami-Dade County,2009,294457,6079
23,Miami-Dade County,2010,248226,8269
23,Miami-Dade County,2011,228111,9734
23,Miami-Dade County,2012,235793,12014
23,Miami-Dade County,2013,271077,14759
23,Miami-Dade County,2014,285344,15670
23,Miami-Dade County,2015,305662,15735
23,Miami-Dade County,2016,327621,16279
23,Miami-Dade County,2017,348677,15963
23,Miami-Dade County,2018,359339,16100
23,Miami-Dade County,2019,367998,15852
23,Miami-Dade County,2020,384000,8061
24,DeSoto County,2000,106294,186
24,DeSoto County,2001,112806,194
24,DeSoto County,2002,114641,188
24,DeSoto County,2003,116290,292
24,DeSoto County,2004,129651,330
24,DeSoto County,2005,207243,396
24,DeSoto County,2006,209974,282
24,DeSoto County,2007,198977,135
24,DeSoto County,2008,143755,137
24,DeSoto County,2009,138214,81
24,DeSoto County,2010,100472,103
24,DeSoto County,2011,101446,79
24,DeSoto County,2012,93475,96
24,DeSoto County,2013,100077,108
24,DeSoto County,2014,106736,170
24,DeSoto County,2015,146522,224
24,DeSoto County,2016,127826,195
24,DeSoto County,2017,157772,218
24,DeSoto County,2018,164269,204
24,DeSoto County,2019,161314,263
24,DeSoto County,2020,178000,155
25,Dixie County,2000,85334,81
25,Dixie County,2001,84477,95
25,Dixie County,2002,112635,79
25,Dixie County,2003,97726,92
25,Dixie County,2004,136474,89
25,Dixie County,2005,165003,128
25,Dixie County,2006,135869,92
25,Dixie County,2007,146311,60
25,Dixie County,2008,107816,47
25,Dixie County,2009,108468,34
25,Dixie County,2010,84751,51
25,Dixie County,2011,85857,41
25,Dixie County,2012,84212,49
25,Dixie County,2013,77451,47
25,Dixie County,2014,103469,69
25,Dixie County,2015,103338,75
25,Dixie County,2016,93345,73
25,Dixie County,2017,108968,90
25,Dixie County,2018,123202,97
25,Dixie County,2019,104199,96
25,Dixie County,2020,144000,97
26,Duval County,2000,160040,13425
26,Duval County,2001,171430,13888
26,Duval County,2002,181993,15938
26,Duval County,2003,198954,16661
26,Duval County,2004,208669,19385
26,Duval County,2005,230344,23099
26,Duval County,2006,245524,19625
26,Duval County,2007,235042,12256
26,Duval County,2008,208444,9133
26,Duval County,2009,209124,5443
26,Duval County,2010,198580,4957
26,Duval County,2011,183406,4839
26,Duval County,2012,169097,6504
26,Duval County,2013,181456,9175
26,Duval County,2014,195937,9099
26,Duval County,2015,208742,10891
26,Duval County,2016,200869,13834
26,Duval County,2017,201423,15758
26,Duval County,2018,211599,17017
26,Duval County,2019,216766,18164
26,Duval County,2020,218000,9627
27,Escambia County,2000,139080,4255
27,Escambia County,2001,143465,4256
27,Escambia County,2002,149750,4930
27,Escambia County,2003,154120,5524
27,Escambia County,2004,160903,6512
27,Escambia County,2005,189951,6790
27,Escambia County,2006,187596,5438
27,Escambia County,2007,183432,3803
27,Escambia County,2008,161724,3235
27,Escambia County,2009,172468,2128
27,Escambia County,2010,167139,1925
27,Escambia County,2011,160480,1836
27,Escambia County,2012,154388,2231
27,Escambia County,2013,163753,2686
27,Escambia County,2014,168708,2875
27,Escambia County,2015,169147,3363
27,Escambia County,2016,168644,4281
27,Escambia County,2017,169027,4867
27,Escambia County,2018,181723,5110
27,Escambia County,2019,193577,5679
27,Escambia County,2020,192000,2999
28,Flagler County,2000,164681,1462
28,Flagler County,2001,167497,1736
28,Flagler County,2002,171962,2282
28,Flagler County,2003,183542,3293
28,Flagler County,2004,218495,4853
28,Flagler County,2005,279844,6096
28,Flagler County,2006,318925,3553
28,Flagler County,2007,276081,1644
28,Flagler County,2008,222161,1058
28,Flagler County,2009,204317,783
28,Flagler County,2010,189124,783
28,Flagler County,2011,160480,1088
28,Flagler County,2012,168423,1225
28,Flagler County,2013,178579,1656
28,Flagler County,2014,185154,1868
28,Flagler County,2015,201236,2186
28,Flagler County,2016,214833,2446
28,Flagler County,2017,228980,2646
28,Flagler County,2018,236291,3030
28,Flagler County,2019,247012,3067
28,Flagler County,2020,255050,1880
29,Franklin County,2000,224564,267
29,Franklin County,2001,234860,254
29,Franklin County,2002,271557,311
29,Franklin County,2003,350272,311
29,Franklin County,2004,490966,506
29,Franklin County,2005,478507,396
29,Franklin County,2006,482096,139
29,Franklin County,2007,366864,109
29,Franklin County,2008,329438,118
29,Franklin County,2009,347339,107
29,Franklin County,2010,295507,111
29,Franklin County,2011,305142,160
29,Franklin County,2012,280706,154
29,Franklin County,2013,321144,166
29,Franklin County,2014,261394,189
29,Franklin County,2015,290977,231
29,Franklin County,2016,280895,264
29,Franklin County,2017,305027,281
29,Franklin County,2018,308005,281
29,Franklin County,2019,261631,278
29,Franklin County,2020,350000,274
30,Gadsden County,2000,102177,248
30,Gadsden County,2001,119433,232
30,Gadsden County,2002,118941,263
30,Gadsden County,2003,126658,262
30,Gadsden County,2004,152851,297
30,Gadsden County,2005,170188,411
30,Gadsden County,2006,191815,518
30,Gadsden County,2007,203952,417
30,Gadsden County,2008,180232,264
30,Gadsden County,2009,180280,159
30,Gadsden County,2010,165484,143
30,Gadsden County,2011,154118,126
30,Gadsden County,2012,134739,123
30,Gadsden County,2013,130006,121
30,Gadsden County,2014,143603,140
30,Gadsden County,2015,147392,154
30,Gadsden County,2016,148235,235
30,Gadsden County,2017,137788,281
30,Gadsden County,2018,154002,263
30,Gadsden County,2019,166859,298
30,Gadsden County,2020,142500,199
31,Gilchrist County,2000,101279,82
31,Gilchrist County,2001,113461,57
31,Gilchrist County,2002,127539,69
31,Gilchrist County,2003,123996,75
31,Gilchrist County,2004,162268,101
31,Gilchrist County,2005,184803,135
31,Gilchrist County,2006,189258,82
31,Gilchrist County,2007,234420,56
31,Gilchrist County,2008,175500,50
31,Gilchrist County,2009,158646,49
31,Gilchrist County,2010,147753,25
31,Gilchrist County,2011,130677,41
31,Gilchrist County,2012,145967,39
31,Gilchrist County,2013,163200,52
31,Gilchrist County,2014,163262,60
31,Gilchrist County,2015,165884,78
31,Gilchrist County,2016,171867,95
31,Gilchrist County,2017,159876,111
31,Gilchrist County,2018,163243,122
31,Gilchrist County,2019,184503,135
31,Gilchrist County,2020,157450,76
32,Glades County,2000,102551,56
32,Glades County,2001,101882,58
32,Glades County,2002,101744,51
32,Glades County,2003,112087,94
32,Glades County,2004,128286,122
32,Glades County,2005,164871,149
32,Glades County,2006,205243,68
32,Glades County,2007,198977,48
32,Glades County,2008,159927,17
32,Glades County,2009,155641,24
32,Glades County,2010,141843,33
32,Glades County,2011,118068,24
32,Glades County,2012,112282,29
32,Glades County,2013,84642,35
32,Glades County,2014,108914,45
32,Glades County,2015,103338,59
32,Glades County,2016,123529,57
32,Glades County,2017,147254,45
32,Glades County,2018,150409,66
32,Glades County,2019,138629,53
32,Glades County,2020,141250,38
33,Gulf County,2000,187137,238
33,Gulf County,2001,192258,257
33,Gulf County,2002,236448,303
33,Gulf County,2003,259201,298
33,Gulf County,2004,322079,405
33,Gulf County,2005,349805,357
33,Gulf County,2006,246611,200
33,Gulf County,2007,270485,182
33,Gulf County,2008,299489,129
33,Gulf County,2009,231359,148
33,Gulf County,2010,206855,154
33,Gulf County,2011,198881,212
33,Gulf County,2012,168423,231
33,Gulf County,2013,200265,240
33,Gulf County,2014,215650,265
33,Gulf County,2015,206675,352
33,Gulf County,2016,193350,328
33,Gulf County,2017,236659,354
33,Gulf County,2018,253077,334
33,Gulf County,2019,235166,342
33,Gulf County,2020,300000,281
34,Hamilton County,2000,82340,43
34,Hamilton County,2001,83020,30
34,Hamilton County,2002,84190,38
34,Hamilton County,2003,105082,45
34,Hamilton County,2004,114093,49
34,Hamilton County,2005,112202,72
34,Hamilton County,2006,127877,67
34,Hamilton County,2007,119386,42
34,Hamilton County,2008,77867,37
34,Hamilton County,2009,128600,24
34,Hamilton County,2010,115543,18
34,Hamilton County,2011,91130,22
34,Hamilton County,2012,86457,19
34,Hamilton County,2013,82983,23
34,Hamilton County,2014,92577,33
34,Hamilton County,2015,81310,24
34,Hamilton County,2016,83785,40
34,Hamilton County,2017,94663,34
34,Hamilton County,2018,79568,70
34,Hamilton County,2019,137369,48
34,Hamilton County,2020,104000,36
35,Hardee County,2000,87206,98
35,Hardee County,2001,86662,144
35,Hardee County,2002,84906,166
35,Hardee County,2003,91071,146
35,Hardee County,2004,106450,167
35,Hardee County,2005,112202,210
35,Hardee County,2006,134271,193
35,Hardee County,2007,161545,137
35,Hardee County,2008,136567,141
35,Hardee County,2009,126196,65
35,Hardee County,2010,85106,57
35,Hardee County,2011,82647,57
35,Hardee County,2012,76913,68
35,Hardee County,2013,82983,81
35,Hardee County,2014,87131,74
35,Hardee County,2015,93548,106
35,Hardee County,2016,112788,109
35,Hardee County,2017,117014,128
35,Hardee County,2018,117812,122
35,Hardee County,2019,136613,123
35,Hardee County,2020,135000,73
36,Hendry County,2000,95814,167
36,Hendry County,2001,100353,209
36,Hendry County,2002,108050,249
36,Hendry County,2003,109285,282
36,Hendry County,2004,143298,331
36,Hendry County,2005,201105,378
36,Hendry County,2006,236572,343
36,Hendry County,2007,216512,164
36,Hendry County,2008,167714,165
36,Hendry County,2009,99755,133
36,Hendry County,2010,77423,212
36,Hendry County,2011,76228,156
36,Hendry County,2012,80843,133
36,Hendry County,2013,85196,129
36,Hendry County,2014,95028,180
36,Hendry County,2015,106601,186
36,Hendry County,2016,128900,158
36,Hendry County,2017,147254,233
36,Hendry County,2018,157236,302
36,Hendry County,2019,166658,335
36,Hendry County,2020,180000,168
37,Hernando County,2000,125008,3094
37,Hernando County,2001,128172,3279
37,Hernando County,2002,136137,3803
37,Hernando County,2003,153699,4665
37,Hernando County,2004,180146,5621
37,Hernando County,2005,223479,6745
37,Hernando County,2006,262148,4999
37,Hernando County,2007,223725,2658
37,Hernando County,2008,166995,2461
37,Hernando County,2009,138815,1675
37,Hernando County,2010,124113,1689
37,Hernando County,2011,108897,1914
37,Hernando County,2012,105770,2211
37,Hernando County,2013,114295,2479
37,Hernando County,2014,128519,2672
37,Hernando County,2015,140104,3133
37,Hernando County,2016,150383,3852
37,Hernando County,2017,163031,4333
37,Hernando County,2018,171456,4698
37,Hernando County,2019,179411,5012
37,Hernando County,2020,189900,2930
38,Highlands County,2000,97311,1787
38,Highlands County,2001,99770,1878
38,Highlands County,2002,103177,2206
38,Highlands County,2003,119092,2339
38,Highlands County,2004,136474,2671
38,Highlands County,2005,187443,2919
38,Highlands County,2006,216112,2140
38,Highlands County,2007,196490,1331
38,Highlands County,2008,155734,1091
38,Highlands County,2009,136892,932
38,Highlands County,2010,117493,956
38,Highlands County,2011,100873,953
38,Highlands County,2012,95440,1058
38,Highlands County,2013,98473,1220
38,Highlands County,2014,98023,1441
38,Highlands County,2015,116499,1574
38,Highlands County,2016,126752,1629
38,Highlands County,2017,134632,1677
38,Highlands County,2018,139629,1897
38,Highlands County,2019,146191,1814
38,Highlands County,2020,158000,1305
39,Hillsborough County,2000,185640,19113
39,Hillsborough County,2001,189345,20843
39,Hillsborough County,2002,199333,21656
39,Hillsborough County,2003,211424,23771
39,Hillsborough County,2004,229277,26742
39,Hillsborough County,2005,275884,30388
39,Hillsborough County,2006,303068,21468
39,Hillsborough County,2007,290320,9154
39,Hillsborough County,2008,220544,12367
39,Hillsborough County,2009,186289,12642
39,Hillsborough County,2010,178722,12576
39,Hillsborough County,2011,166212,13380
39,Hillsborough County,2012,169546,16317
39,Hillsborough County,2013,196946,19841
39,Hillsborough County,2014,196046,19775
39,Hillsborough County,2015,215921,22776
39,Hillsborough County,2016,230838,25001
39,Hillsborough County,2017,236659,26650
39,Hillsborough County,2018,246301,27206
39,Hillsborough County,2019,249633,28327
39,Hillsborough County,2020,260000,13029
40,Holmes County,2000,74855,175
40,Holmes County,2001,72825,106
40,Holmes County,2002,75233,101
40,Holmes County,2003,87568,91
40,Holmes County,2004,90073,90
40,Holmes County,2005,97682,145
40,Holmes County,2006,101662,78
40,Holmes County,2007,111800,75
40,Holmes County,2008,101826,48
40,Holmes County,2009,110872,46
40,Holmes County,2010,85697,34
40,Holmes County,2011,87118,45
40,Holmes County,2012,85054,36
40,Holmes County,2013,88238,58
40,Holmes County,2014,92577,57
40,Holmes County,2015,75600,68
40,Holmes County,2016,75084,61
40,Holmes County,2017,89404,49
40,Holmes County,2018,104722,89
40,Holmes County,2019,99309,118
40,Holmes County,2020,100000,76
41,Indian River County,2000,167675,2426
41,Indian River County,2001,174780,2651
41,Indian River County,2002,182567,2842
41,Indian River County,2003,199655,3471
41,Indian River County,2004,233508,4084
41,Indian River County,2005,283804,5041
41,Indian River County,2006,300511,3890
41,Indian River County,2007,286030,2721
41,Indian River County,2008,221622,2269
41,Indian River County,2009,203115,1649
41,Indian River County,2010,180200,1751
41,Indian River County,2011,175611,1782
41,Indian River County,2012,171230,2132
41,Indian River County,2013,188094,2645
41,Indian River County,2014,203670,2793
41,Indian River County,2015,217553,3303
41,Indian River County,2016,225468,3819
41,Indian River County,2017,247177,3846
41,Indian River County,2018,250511,3941
41,Indian River County,2019,252456,4131
41,Indian River County,2020,260000,2162
42,Jackson County,2000,97311,279
42,Jackson County,2001,104140,278
42,Jackson County,2002,100311,269
42,Jackson County,2003,108444,304
42,Jackson County,2004,122145,326
42,Jackson County,2005,132002,200
42,Jackson County,2006,144885,343
42,Jackson County,2007,154518,212
42,Jackson County,2008,145851,184
42,Jackson County,2009,130402,180
42,Jackson County,2010,112293,133
42,Jackson County,2011,101446,108
42,Jackson County,2012,109475,121
42,Jackson County,2013,105112,151
42,Jackson County,2014,103469,123
42,Jackson County,2015,103338,166
42,Jackson County,2016,103120,258
42,Jackson County,2017,117803,247
42,Jackson County,2018,124742,210
42,Jackson County,2019,126027,305
42,Jackson County,2020,124900,167
43,Jefferson County,2000,89826,68
43,Jefferson County,2001,117248,65
43,Jefferson County,2002,114641,75
43,Jefferson County,2003,142911,94
43,Jefferson County,2004,136474,102
43,Jefferson County,2005,182163,124
43,Jefferson County,2006,202621,100
43,Jefferson County,2007,230068,77
43,Jefferson County,2008,207546,46
43,Jefferson County,2009,162252,33
43,Jefferson County,2010,177304,41
43,Jefferson County,2011,147871,31
43,Jefferson County,2012,168423,27
43,Jefferson County,2013,142454,54
43,Jefferson County,2014,136143,60
43,Jefferson County,2015,135970,55
43,Jefferson County,2016,158440,79
43,Jefferson County,2017,161191,76
43,Jefferson County,2018,192943,90
43,Jefferson County,2019,164339,89
43,Jefferson County,2020,193000,67
44,Lafayette County,2000,96937,28
44,Lafayette County,2001,95765,26
44,Lafayette County,2002,71651,19
44,Lafayette County,2003,136606,28
44,Lafayette County,2004,103038,26
44,Lafayette County,2005,168303,40
44,Lafayette County,2006,172634,33
44,Lafayette County,2007,200221,24
44,Lafayette County,2008,155734,13
44,Lafayette County,2009,120186,7
44,Lafayette County,2010,158983,8
44,Lafayette County,2011,123799,10
44,Lafayette County,2012,112282,12
44,Lafayette County,2013,71918,13
44,Lafayette County,2014,79507,22
44,Lafayette County,2015,96811,18
44,Lafayette County,2016,85933,23
44,Lafayette County,2017,129899,32
44,Lafayette County,2018,89835,29
44,Lafayette County,2019,160659,26
44,Lafayette County,2020,130000,23
45,Lake County,2000,172466,5505
45,Lake County,2001,180314,5877
45,Lake County,2002,188729,6379
45,Lake County,2003,201336,8015
45,Lake County,2004,225865,9928
45,Lake County,2005,290405,11446
45,Lake County,2006,325127,8392
45,Lake County,2007,294486,4761
45,Lake County,2008,221622,4026
45,Lake County,2009,203115,2224
45,Lake County,2010,189124,2456
45,Lake County,2011,160480,2219
45,Lake County,2012,157195,2701
45,Lake County,2013,171498,3493
45,Lake County,2014,179708,3846
45,Lake County,2015,196341,5107
45,Lake County,2016,207314,5625
45,Lake County,2017,225089,6195
45,Lake County,2018,233981,6413
45,Lake County,2019,240963,6789
45,Lake County,2020,247500,3128
46,Lee County,2000,192676,10929
46,Lee County,2001,200997,12577
46,Lee County,2002,217819,13243
46,Lee County,2003,234682,13509
46,Lee County,2004,267421,17744
46,Lee County,2005,347165,25006
46,Lee County,2006,357928,18999
46,Lee County,2007,326447,10566
46,Lee County,2008,182089,12796
46,Lee County,2009,122590,15614
46,Lee County,2010,131678,13702
46,Lee County,2011,140420,12885
46,Lee County,2012,176283,10772
46,Lee County,2013,221288,12099
46,Lee County,2014,243440,13604
46,Lee County,2015,250077,15996
46,Lee County,2016,247058,16552
46,Lee County,2017,254539,16571
46,Lee County,2018,256671,17990
46,Lee County,2019,258102,18437
46,Lee County,2020,265000,7443
47,Leon County,2000,161686,4115
47,Leon County,2001,173323,4644
47,Leon County,2002,182710,4957
47,Leon County,2003,191809,5425
47,Leon County,2004,211535,5592
47,Leon County,2005,228364,6121
47,Leon County,2006,236572,5139
47,Leon County,2007,236286,3427
47,Leon County,2008,212038,2733
47,Leon County,2009,210687,1969
47,Leon County,2010,212765,1558
47,Leon County,2011,206332,1319
47,Leon County,2012,207722,1563
47,Leon County,2013,212989,2075
47,Leon County,2014,212383,1989
47,Leon County,2015,205587,2746
47,Leon County,2016,207529,3234
47,Leon County,2017,213203,3539
47,Leon County,2018,211497,3623
47,Leon County,2019,219790,3860
47,Leon County,2020,225000,2666
48,Levy County,2000,99557,148
48,Levy County,2001,101809,213
48,Levy County,2002,114641,267
48,Levy County,2003,116991,313
48,Levy County,2004,160971,366
48,Levy County,2005,183483,493
48,Levy County,2006,198209,382
48,Levy County,2007,186541,217
48,Levy County,2008,151541,135
48,Levy County,2009,174871,136
48,Levy County,2010,153663,123
48,Levy County,2011,120360,135
48,Levy County,2012,133054,151
48,Levy County,2013,125581,192
48,Levy County,2014,130697,229
48,Levy County,2015,132870,218
48,Levy County,2016,150383,313
48,Levy County,2017,147254,362
48,Levy County,2018,161189,393
48,Levy County,2019,165347,389
48,Levy County,2020,175000,273
49,Liberty County,2000,56890,25
49,Liberty County,2001,81564,33
49,Liberty County,2002,78816,25
49,Liberty County,2003,123996,25
49,Liberty County,2004,84273,28
49,Liberty County,2005,86065,46
49,Liberty County,2006,159846,40
49,Liberty County,2007,150477,29
49,Liberty County,2008,144953,16
49,Liberty County,2009,92183,16
49,Liberty County,2010,100472,11
49,Liberty County,2011,79610,12
49,Liberty County,2012,122508,8
49,Liberty County,2013,127185,10
49,Liberty County,2014,130697,22
49,Liberty County,2015,69182,20
49,Liberty County,2016,147429,32
49,Liberty County,2017,131477,29
49,Liberty County,2018,105235,24
49,Liberty County,2019,105862,35
49,Liberty County,2020,121500,20
50,Madison County,2000,74106,65
50,Madison County,2001,86297,60
50,Madison County,2002,78816,66
50,Madison County,2003,81263,73
50,Madison County,2004,105085,79
50,Madison County,2005,105602,123
50,Madison County,2006,127877,88
50,Madison County,2007,138973,62
50,Madison County,2008,100269,52
50,Madison County,2009,108168,49
50,Madison County,2010,108155,36
50,Madison County,2011,85972,33
50,Madison County,2012,88422,32
50,Madison County,2013,85749,38
50,Madison County,2014,74497,46
50,Madison County,2015,85933,46
50,Madison County,2016,123261,60
50,Madison County,2017,106128,70
50,Madison County,2018,92401,81
50,Madison County,2019,131068,75
50,Madison County,2020,125000,73
51,Manatee County,2000,208620,5078
51,Manatee County,2001,224301,5708
51,Manatee County,2002,243971,5978
51,Manatee County,2003,273072,6980
51,Manatee County,2004,324127,8861
51,Manatee County,2005,396006,9532
51,Manatee County,2006,404411,5938
51,Manatee County,2007,360646,4063
51,Manatee County,2008,276129,3933
51,Manatee County,2009,245601,3132
51,Manatee County,2010,242315,3626
51,Manatee County,2011,217680,3395
51,Manatee County,2012,230179,4914
51,Manatee County,2013,254315,6042
51,Manatee County,2014,282415,6063
51,Manatee County,2015,296959,6881
51,Manatee County,2016,302915,7617
51,Manatee County,2017,311863,8080
51,Manatee County,2018,313138,8577
51,Manatee County,2019,320612,8758
51,Manatee County,2020,322500,4748
52,Marion County,2000,128002,4508
52,Marion County,2001,137639,4994
52,Marion County,2002,164797,6819
52,Marion County,2003,181651,8608
52,Marion County,2004,188266,8282
52,Marion County,2005,211731,10699
52,Marion County,2006,242966,8632
52,Marion County,2007,238773,4870
52,Marion County,2008,191673,3615
52,Marion County,2009,174270,2345
52,Marion County,2010,153663,2425
52,Marion County,2011,128384,2729
52,Marion County,2012,126318,3520
52,Marion County,2013,134598,4304
52,Marion County,2014,139301,4496
52,Marion County,2015,144673,5363
52,Marion County,2016,151458,6263
52,Marion County,2017,163031,7033
52,Marion County,2018,169403,8000
52,Marion County,2019,176437,8484
52,Marion County,2020,175000,4786
53,Martin County,2000,235643,3085
53,Martin County,2001,240322,3054
53,Martin County,2002,265108,3870
53,Martin County,2003,311041,4114
53,Martin County,2004,368481,3987
53,Martin County,2005,422407,3848
53,Martin County,2006,445396,2697
53,Martin County,2007,391737,1805
53,Martin County,2008,308474,1800
53,Martin County,2009,270420,1460
53,Martin County,2010,265956,1643
53,Martin County,2011,235906,1745
53,Martin County,2012,247021,2219
53,Martin County,2013,276609,2697
53,Martin County,2014,299514,2726
53,Martin County,2015,304574,2823
53,Martin County,2016,316879,2994
53,Martin County,2017,341840,2923
53,Martin County,2018,349072,2844
53,Martin County,2019,349850,2030
53,Martin County,2020,,
54,Monroe County,2000,381760,1774
54,Monroe County,2001,411460,1905
54,Monroe County,2002,465731,2053
54,Monroe County,2003,583273,2187
54,Monroe County,2004,805199,2481
54,Monroe County,2005,974175,2039
54,Monroe County,2006,895139,1214
54,Monroe County,2007,839436,906
54,Monroe County,2008,690621,598
54,Monroe County,2009,480746,855
54,Monroe County,2010,443260,1014
54,Monroe County,2011,435589,1054
54,Monroe County,2012,461480,977
54,Monroe County,2013,514494,1071
54,Monroe County,2014,522788,1133
54,Monroe County,2015,581954,1283
54,Monroe County,2016,606904,1125
54,Monroe County,2017,619519,1149
54,Monroe County,2018,636543,1347
54,Monroe County,2019,604928,1553
54,Monroe County,2020,660000,942
55,Nassau County,2000,220223,684
55,Nassau County,2001,240322,875
55,Nassau County,2002,250778,953
55,Nassau County,2003,249954,1143
55,Nassau County,2004,259506,1448
55,Nassau County,2005,296345,1806
55,Nassau County,2006,326086,1655
55,Nassau County,2007,316125,1085
55,Nassau County,2008,278944,670
55,Nassau County,2009,252392,583
55,Nassau County,2010,254490,477
55,Nassau County,2011,221119,554
55,Nassau County,2012,224564,749
55,Nassau County,2013,228977,1122
55,Nassau County,2014,254424,1168
55,Nassau County,2015,250077,1380
55,Nassau County,2016,254578,1774
55,Nassau County,2017,268213,2061
55,Nassau County,2018,285418,2103
55,Nassau County,2019,302464,2125
55,Nassau County,2020,305000,1244
56,Okaloosa County,2000,162884,3327
56,Okaloosa County,2001,163128,3822
56,Okaloosa County,2002,174685,4089
56,Okaloosa County,2003,182141,4810
56,Okaloosa County,2004,211535,5209
56,Okaloosa County,2005,266644,5348
56,Okaloosa County,2006,268542,4086
56,Okaloosa County,2007,249717,2839
56,Okaloosa County,2008,233601,2142
56,Okaloosa County,2009,222345,2076
56,Okaloosa County,2010,218675,1957
56,Okaloosa County,2011,222494,2346
56,Okaloosa County,2012,224452,2223
56,Okaloosa County,2013,221177,2551
56,Okaloosa County,2014,224636,2560
56,Okaloosa County,2015,233403,2932
56,Okaloosa County,2016,236317,3519
56,Okaloosa County,2017,232556,4112
56,Okaloosa County,2018,241270,4359
56,Okaloosa County,2019,241971,5047
56,Okaloosa County,2020,259900,3316
57,Okeechobee County,2000,107042,266
57,Okeechobee County,2001,109237,285
57,Okeechobee County,2002,118224,320
57,Okeechobee County,2003,136606,350
57,Okeechobee County,2004,169228,439
57,Okeechobee County,2005,197343,497
57,Okeechobee County,2006,223657,384
57,Okeechobee County,2007,198853,250
57,Okeechobee County,2008,174901,196
57,Okeechobee County,2009,130943,150
57,Okeechobee County,2010,127068,152
57,Okeechobee County,2011,118068,177
57,Okeechobee County,2012,116549,185
57,Okeechobee County,2013,110644,173
57,Okeechobee County,2014,102379,191
57,Okeechobee County,2015,117478,240
57,Okeechobee County,2016,145013,313
57,Okeechobee County,2017,155669,340
57,Okeechobee County,2018,152976,311
57,Okeechobee County,2019,172908,340
57,Okeechobee County,2020,174500,252
58,Orange County,2000,182646,20003
58,Orange County,2001,199540,20923
58,Orange County,2002,214953,22051
58,Orange County,2003,231179,25278
58,Orange County,2004,253842,29524
58,Orange County,2005,323405,33836
58,Orange County,2006,364449,27061
58,Orange County,2007,348210,15350
58,Orange County,2008,263311,11425
58,Orange County,2009,223547,8948
58,Orange County,2010,200945,9227
58,Orange County,2011,201918,8194
58,Orange County,2012,213898,9581
58,Orange County,2013,233237,12498
58,Orange County,2014,261394,14494
58,Orange County,2015,265414,17143
58,Orange County,2016,270153,19717
58,Orange County,2017,283990,21545
58,Orange County,2018,293221,23301
58,Orange County,2019,298834,24009
58,Orange County,2020,300000,10751
59,Osceola County,2000,169172,5504
59,Osceola County,2001,179149,5961
59,Osceola County,2002,186866,6373
59,Osceola County,2003,203158,7744
59,Osceola County,2004,238694,9597
59,Osceola County,2005,312119,12302
59,Osceola County,2006,345140,9431
59,Osceola County,2007,326882,5456
59,Osceola County,2008,227612,4208
59,Osceola County,2009,149031,4793
59,Osceola County,2010,141725,4335
59,Osceola County,2011,133038,3849
59,Osceola County,2012,153827,3987
59,Osceola County,2013,188094,5052
59,Osceola County,2014,201382,4364
59,Osceola County,2015,225167,6287
59,Osceola County,2016,241419,7756
59,Osceola County,2017,246546,8681
59,Osceola County,2018,257595,10463
59,Osceola County,2019,266773,11603
59,Osceola County,2020,258900,4142
60,Palm Beach County,2000,238038,14993
60,Palm Beach County,2001,253416,14579
60,Palm Beach County,2002,283046,15254
60,Palm Beach County,2003,335792,16850
60,Palm Beach County,2004,403964,16692
60,Palm Beach County,2005,488408,15965
60,Palm Beach County,2006,479539,11541
60,Palm Beach County,2007,460100,6937
60,Palm Beach County,2008,341417,6930
60,Palm Beach County,2009,288327,6598
60,Palm Beach County,2010,281303,6540
60,Palm Beach County,2011,269378,7143
60,Palm Beach County,2012,260495,8934
60,Palm Beach County,2013,309803,11114
60,Palm Beach County,2014,338723,11239
60,Palm Beach County,2015,351348,12150
60,Palm Beach County,2016,343733,12683
60,Palm Beach County,2017,357617,12724
60,Palm Beach County,2018,369606,13154
60,Palm Beach County,2019,383121,14194
60,Palm Beach County,2020,400000,8542
61,Pasco County,2000,130247,9482
61,Pasco County,2001,156573,10255
61,Pasco County,2002,177264,11592
61,Pasco County,2003,192369,13468
61,Pasco County,2004,212218,16314
61,Pasco County,2005,257404,19000
61,Pasco County,2006,297953,13772
61,Pasco County,2007,255064,7731
61,Pasco County,2008,189277,6741
61,Pasco County,2009,170665,5292
61,Pasco County,2010,159574,5547
61,Pasco County,2011,144432,5312
61,Pasco County,2012,136984,7217
61,Pasco County,2013,140518,7196
61,Pasco County,2014,157926,7142
61,Pasco County,2015,166428,8497
61,Pasco County,2016,177130,10136
61,Pasco County,2017,184068,11163
61,Pasco County,2018,218170,14068
61,Pasco County,2019,226848,14758
61,Pasco County,2020,219500,8192
62,Pinellas County,2000,163184,15105
62,Pinellas County,2001,174780,15455
62,Pinellas County,2002,186292,15529
62,Pinellas County,2003,200355,15787
62,Pinellas County,2004,220406,17326
62,Pinellas County,2005,253444,18015
62,Pinellas County,2006,268542,11702
62,Pinellas County,2007,259914,6876
62,Pinellas County,2008,197663,7516
62,Pinellas County,2009,198308,6007
62,Pinellas County,2010,185578,6324
62,Pinellas County,2011,171943,6468
62,Pinellas County,2012,174037,8219
62,Pinellas County,2013,188094,9403
62,Pinellas County,2014,202472,9778
62,Pinellas County,2015,214833,11873
62,Pinellas County,2016,236317,13334
62,Pinellas County,2017,244021,14100
62,Pinellas County,2018,255131,14339
62,Pinellas County,2019,267176,14490
62,Pinellas County,2020,287000,9425
63,Polk County,2000,142074,6977
63,Polk County,2001,145504,8451
63,Polk County,2002,148246,7976
63,Polk County,2003,166729,9455
63,Polk County,2004,182876,11751
63,Polk County,2005,221763,17051
63,Polk County,2006,277621,16965
63,Polk County,2007,258671,8945
63,Polk County,2008,215632,5187
63,Polk County,2009,153238,5668
63,Polk County,2010,135815,6256
63,Polk County,2011,120360,6327
63,Polk County,2012,129125,6750
63,Polk County,2013,149369,7524
63,Polk County,2014,163371,7901
63,Polk County,2015,172954,9710
63,Polk County,2016,182179,11665
63,Polk County,2017,191430,13115
63,Polk County,2018,202256,14832
63,Polk County,2019,212430,15951
63,Polk County,2020,214500,7896
64,Putnam County,2000,101054,473
64,Putnam County,2001,103775,522
64,Putnam County,2002,107476,541
64,Putnam County,2003,112087,627
64,Putnam County,2004,129651,718
64,Putnam County,2005,158402,787
64,Putnam County,2006,176470,626
64,Putnam County,2007,167887,421
64,Putnam County,2008,154237,346
64,Putnam County,2009,132205,233
64,Putnam County,2010,124113,217
64,Putnam County,2011,103166,199
64,Putnam County,2012,122612,237
64,Putnam County,2013,116176,305
64,Putnam County,2014,113815,352
64,Putnam County,2015,109048,448
64,Putnam County,2016,116279,530
64,Putnam County,2017,128847,543
64,Putnam County,2018,133469,608
64,Putnam County,2019,150224,650
64,Putnam County,2020,159000,510
65,St. Johns County,2000,258249,3252
65,St. Johns County,2001,265082,3405
65,St. Johns County,2002,286604,3782
65,St. Johns County,2003,302495,5298
65,St. Johns County,2004,330404,5873
65,St. Johns County,2005,369870,7105
65,St. Johns County,2006,409206,5654
65,St. Johns County,2007,360211,3904
65,St. Johns County,2008,312007,3174
65,St. Johns County,2009,294457,2382
65,St. Johns County,2010,293615,2565
65,St. Johns County,2011,275109,2807
65,St. Johns County,2012,277337,3739
65,St. Johns County,2013,288061,5048
65,St. Johns County,2014,310406,5357
65,St. Johns County,2015,320890,5800
65,St. Johns County,2016,327675,6578
65,St. Johns County,2017,333057,7570
65,St. Johns County,2018,340602,8236
65,St. Johns County,2019,346119,8760
65,St. Johns County,2020,350000,3407
66,St. Lucie County,2000,127253,4103
66,St. Lucie County,2001,142373,4980
66,St. Lucie County,2002,163507,6004
66,St. Lucie County,2003,195872,8131
66,St. Lucie County,2004,238694,11306
66,St. Lucie County,2005,306245,12382
66,St. Lucie County,2006,319053,8849
66,St. Lucie County,2007,285906,4492
66,St. Lucie County,2008,177297,4900
66,St. Lucie County,2009,144224,3205
66,St. Lucie County,2010,126477,3859
66,St. Lucie County,2011,120360,3620
66,St. Lucie County,2012,123510,3997
66,St. Lucie County,2013,138858,4647
66,St. Lucie County,2014,161520,4903
66,St. Lucie County,2015,183832,5470
66,St. Lucie County,2016,214833,6870
66,St. Lucie County,2017,223143,7026
66,St. Lucie County,2018,231414,7305
66,St. Lucie County,2019,241870,7960
66,St. Lucie County,2020,240000,3932
67,Santa Rosa County,2000,165729,2394
67,Santa Rosa County,2001,171138,2621
67,Santa Rosa County,2002,179127,3003
67,Santa Rosa County,2003,185784,3721
67,Santa Rosa County,2004,211535,3568
67,Santa Rosa County,2005,270604,3826
67,Santa Rosa County,2006,255242,3415
67,Santa Rosa County,2007,241198,2556
67,Santa Rosa County,2008,218028,1979
67,Santa Rosa County,2009,210326,1863
67,Santa Rosa County,2010,209160,1794
67,Santa Rosa County,2011,193723,1851
67,Santa Rosa County,2012,196494,2214
67,Santa Rosa County,2013,200708,2645
67,Santa Rosa County,2014,201491,2842
67,Santa Rosa County,2015,206675,3320
67,Santa Rosa County,2016,209355,4086
67,Santa Rosa County,2017,222932,4478
67,Santa Rosa County,2018,230721,4660
67,Santa Rosa County,2019,236930,4820
67,Santa Rosa County,2020,249000,2722
68,Sarasota County,2000,198365,7979
68,Sarasota County,2001,209007,8804
68,Sarasota County,2002,222118,10584
68,Sarasota County,2003,238185,11342
68,Sarasota County,2004,272812,13329
68,Sarasota County,2005,336473,13761
68,Sarasota County,2006,345140,8558
68,Sarasota County,2007,302197,5356
68,Sarasota County,2008,274332,4129
68,Sarasota County,2009,228354,3745
68,Sarasota County,2010,230495,3664
68,Sarasota County,2011,217795,4275
68,Sarasota County,2012,213392,5564
68,Sarasota County,2013,240097,7054
68,Sarasota County,2014,256602,7488
68,Sarasota County,2015,274769,8381
68,Sarasota County,2016,285406,8436
68,Sarasota County,2017,296928,8826
68,Sarasota County,2018,296506,9399
68,Sarasota County,2019,294398,10303
68,Sarasota County,2020,297250,3820
69,Seminole County,2000,199862,8577
69,Seminole County,2001,208279,8598
69,Seminole County,2002,222404,8235
69,Seminole County,2003,237064,9661
69,Seminole County,2004,252478,11100
69,Seminole County,2005,320105,12326
69,Seminole County,2006,345268,8826
69,Seminole County,2007,323338,5773
69,Seminole County,2008,263550,4375
69,Seminole County,2009,222345,4103
69,Seminole County,2010,213270,3150
69,Seminole County,2011,200600,1863
69,Seminole County,2012,206599,3562
69,Seminole County,2013,217968,4982
69,Seminole County,2014,228448,4404
69,Seminole County,2015,244747,6336
69,Seminole County,2016,257800,7473
69,Seminole County,2017,265058,7665
69,Seminole County,2018,277204,8252
69,Seminole County,2019,287341,8495
69,Seminole County,2020,290000,4940
70,Sumter County,2000,187137,2348
70,Sumter County,2001,198084,2289
70,Sumter County,2002,203417,1550
70,Sumter County,2003,173595,1811
70,Sumter County,2004,232006,4747
70,Sumter County,2005,260044,5554
70,Sumter County,2006,281329,5259
70,Sumter County,2007,274775,3548
70,Sumter County,2008,238573,3448
70,Sumter County,2009,243257,3428
70,Sumter County,2010,240424,3809
70,Sumter County,2011,234989,4273
70,Sumter County,2012,236916,5054
70,Sumter County,2013,253208,6236
70,Sumter County,2014,272286,5297
70,Sumter County,2015,282819,5002
70,Sumter County,2016,272677,4194
70,Sumter County,2017,258747,4440
70,Sumter County,2018,273098,5393
70,Sumter County,2019,282350,5934
70,Sumter County,2020,279200,2891
71,Suwannee County,2000,103300,198
71,Suwannee County,2001,113971,188
71,Suwannee County,2002,113208,185
71,Suwannee County,2003,108234,214
71,Suwannee County,2004,122690,285
71,Suwannee County,2005,169557,330
71,Suwannee County,2006,189066,254
71,Suwannee County,2007,161047,173
71,Suwannee County,2008,155734,141
71,Suwannee County,2009,148130,82
71,Suwannee County,2010,138297,85
71,Suwannee County,2011,120360,99
71,Suwannee County,2012,143721,111
71,Suwannee County,2013,109869,111
71,Suwannee County,2014,129009,78
71,Suwannee County,2015,141681,148
71,Suwannee County,2016,137493,188
71,Suwannee County,2017,142521,200
71,Suwannee County,2018,143736,252
71,Suwannee County,2019,136109,240
71,Suwannee County,2020,150000,151
72,Taylor County,2000,97311,212
72,Taylor County,2001,93944,128
72,Taylor County,2002,97445,168
72,Taylor County,2003,98076,180
72,Taylor County,2004,120097,235
72,Taylor County,2005,136952,278
72,Taylor County,2006,153452,201
72,Taylor County,2007,110370,120
72,Taylor County,2008,117400,101
72,Taylor County,2009,90020,75
72,Taylor County,2010,104077,74
72,Taylor County,2011,93021,78
72,Taylor County,2012,112282,77
72,Taylor County,2013,128347,99
72,Taylor County,2014,108914,141
72,Taylor County,2015,103338,141
72,Taylor County,2016,124872,148
72,Taylor County,2017,112807,218
72,Taylor County,2018,125255,175
72,Taylor County,2019,131068,199
72,Taylor County,2020,132000,151
73,Union County,2000,86832,20
73,Union County,2001,103411,28
73,Union County,2002,111059,22
73,Union County,2003,107603,25
73,Union County,2004,142616,34
73,Union County,2005,118670,39
73,Union County,2006,194693,38
73,Union County,2007,198356,48
73,Union County,2008,165318,31
73,Union County,2009,192599,2
73,Union County,2010,132978,9
73,Union County,2011,130677,14
73,Union County,2012,133616,18
73,Union County,2013,130006,13
73,Union County,2014,130588,19
73,Union County,2015,146848,27
73,Union County,2016,142327,26
73,Union County,2017,141995,39
73,Union County,2018,170327,41
73,Union County,2019,166355,39
73,Union County,2020,139900,12
74,Volusia County,2000,140727,5175
74,Volusia County,2001,154765,6228
74,Volusia County,2002,166087,8116
74,Volusia County,2003,182141,10744
74,Volusia County,2004,204711,11964
74,Volusia County,2005,250012,14638
74,Volusia County,2006,278452,9864
74,Volusia County,2007,248722,5799
74,Volusia County,2008,197663,4898
74,Volusia County,2009,162252,4957
74,Volusia County,2010,141843,5908
74,Volusia County,2011,126092,5834
74,Volusia County,2012,129125,6580
74,Volusia County,2013,143726,8367
74,Volusia County,2014,157926,8210
74,Volusia County,2015,171867,9036
74,Volusia County,2016,185294,9786
74,Volusia County,2017,199845,10394
74,Volusia County,2018,215603,10920
74,Volusia County,2019,226848,11355
74,Volusia County,2020,227000,6939
75,Wakulla County,2000,172016,264
75,Wakulla County,2001,174395,256
75,Wakulla County,2002,187410,316
75,Wakulla County,2003,196152,323
75,Wakulla County,2004,211194,411
75,Wakulla County,2005,231004,588
75,Wakulla County,2006,200064,550
75,Wakulla County,2007,190210,420
75,Wakulla County,2008,167594,349
75,Wakulla County,2009,156242,215
75,Wakulla County,2010,157210,188
75,Wakulla County,2011,166212,142
75,Wakulla County,2012,162809,175
75,Wakulla County,2013,176145,199
75,Wakulla County,2014,173119,230
75,Wakulla County,2015,174042,304
75,Wakulla County,2016,185831,362
75,Wakulla County,2017,189327,468
75,Wakulla County,2018,194967,499
75,Wakulla County,2019,204818,550
75,Wakulla County,2020,204950,320
76,Walton County,2000,247021,863
76,Walton County,2001,236972,898
76,Walton County,2002,300791,1131
76,Walton County,2003,339764,1491
76,Walton County,2004,492536,2339
76,Walton County,2005,575991,2112
76,Walton County,2006,460229,1037
76,Walton County,2007,416174,888
76,Walton County,2008,377236,738
76,Walton County,2009,367470,816
76,Walton County,2010,376475,805
76,Walton County,2011,319470,1056
76,Walton County,2012,362896,1369
76,Walton County,2013,377572,1602
76,Walton County,2014,403527,1711
76,Walton County,2015,424228,1982
76,Walton County,2016,419999,2182
76,Walton County,2017,462746,2506
76,Walton County,2018,438907,2491
76,Walton County,2019,455712,2701
76,Walton County,2020,590000,1764
77,Washington County,2000,93569,131
77,Washington County,2001,91031,105
77,Washington County,2002,87414,113
77,Washington County,2003,97936,151
77,Washington County,2004,112591,205
77,Washington County,2005,135632,198
77,Washington County,2006,131713,155
77,Washington County,2007,143015,108
77,Washington County,2008,125785,55
77,Washington County,2009,113937,43
77,Washington County,2010,127600,68
77,Washington County,2011,91703,64
77,Washington County,2012,129125,91
77,Washington County,2013,127240,73
77,Washington County,2014,116538,107
77,Washington County,2015,119654,113
77,Washington County,2016,133680,152
77,Washington County,2017,126218,172
77,Washington County,2018,143530,147
77,Washington County,2019,140646,188
77,Washington County,2020,147500,66
,Florida,2000,178154,245937
,Florida,2001,191238,296213
,Florida,2002,203489,319430
,Florida,2003,218710,359649
,Florida,2004,245654,409568
,Florida,2005,298193,450209
,Florida,2006,319692,341084
,Florida,2007,298466,202704
,Florida,2008,232763,171722
,Florida,2009,198308,158879
,Florida,2010,187942,164254
,Florida,2011,176528,166732
,Florida,2012,183020,194400
,Florida,2013,204691,233368
,Florida,2014,220007,241769
,Florida,2015,233869,277482
,Florida,2016,241688,310725
,Florida,2017,249175,326982
,Florida,2018,256671,348000
,Florida,2019,262740,364812
,Florida,2020,269400,190071
